country,card_value,card_count,shipping,order_count
Austria,3.5,1,2.53,1
Belgium,237.8,83,21.48,10
Czech Republic,15.35,5,2.21,1
Denmark,9.86,16,7.59,3
Estonia,5.5,1,2.21,1
France,30.099999999999998,9,9.799999999999999,4
Germany,207.25,44,43.57,11
Hungary,4.0,5,2.21,1
Italy,32.4,18,7.27,3
Malta,32.0,4,12.86,1
Netherlands,183.45,18,33.72,8
Poland,27.3,19,4.74,2
Spain,101.38,43,22.13,9
Sweden,3.5999999999999996,5,5.06,2
United Kingdom,56.0,2,15.389999999999999,2
