country,card_value,card_count,shipping,order_count
Austria,3.5,1,2.53,1
Belgium,147.8,79,14.58,9
Czech Republic,15.35,5,2.21,1
Denmark,9.86,16,7.59,3
Estonia,5.5,1,2.21,1
France,26.599999999999998,8,7.27,3
Germany,207.25,44,43.57,11
Hungary,4.0,5,2.21,1
Italy,32.4,18,7.27,3
Netherlands,84.95,7,19.69,6
Poland,27.3,19,4.74,2
Spain,81.67999999999999,34,17.07,7
Sweden,3.5999999999999996,5,5.06,2
United Kingdom,56.0,2,15.389999999999999,2
